"Aberbeeg","Ebbw Valley Cycle Track",-3.144286,51.711165
"Aberdare","Aberdare Park",-3.460089,51.718796
"Aberdeen","Aberdeen Beach Esplanade",-2.086256,57.173898
"Aberystwyth juniors","Plas Crug Park",-4.078402,52.412885
"Aberystwyth","Plascrug Park",-4.080401,52.414546
"Abingdon","Rye Meadow, Abingdon",-1.277429,51.667957
"Acton juniors","Acton Park",-0.258062,51.507905
"Agnew","Agnew Park",-5.0349,54.908188
"Albert","Albert Park, Middlesbrough",-1.231788,54.564972
"Aldenham","Aldenham Country Park",-0.316507,51.647953
"Alderford Lake","Alderford Lake",-2.675436,52.953181
"Alderman Kneeshaw juniors","Alderman Kneeshaw Recreation Ground",-0.262291,53.769454
"Alexandra juniors, Moss Side","Alexandra Park",-2.248631,53.450725
"Alexandra juniors, Oldham","Alexandra Park",-2.104298,53.533022
"Alexandra","Alexandra Park",-2.248827,53.450142
"Alice Holt","Alice Holt Forest",-0.83814,51.168607
"Ally Pally","Alexandra Palace, Haringey",-0.12233,51.595936
"Alness","Crawl Park",-4.256669,57.694306
"Alvaston","Alvaston Park",-1.440173,52.906173
"Alyn Waters juniors","Alyn Waters Country Park",-3.018039,53.083926
"Andover juniors","Charlton Sports Fields",-1.504812,51.220901
"Andover","Charlton Lakeside, Andover",-1.512766,51.221092
"Antrim","Loughshore Park",-6.238818,54.717078
"Armagh","Palace Demesne Public Park",-6.652951,54.339812
"Armley","Armley Park",-1.590893,53.800347
"Arrow Valley","Arrow Valley Country Park",-1.910333,52.307848
"Ashford juniors","Victoria park",0.86233,51.144975
"Ashford","Victoria Park",0.864218,51.14347
"Ashlyns juniors","Ashlyns School",-0.56325,51.752028
"Ashton Court","Ashton Court, Bristol",-2.639948,51.443592
"Avenham Park juniors","Avenham and Miller Park",-2.699084,53.753281
"Aviemore","Aviemore",-3.818635,57.205275
"Aylesbury juniors","Meadowcroft Open Space",-0.829935,51.829601
"Aylesbury","Opposite the Quarrendeon & Meadowcroft C",-0.838394,51.83162
"Aylestone juniors","Aylestone Recreation Ground",-1.134248,52.609737
"Ayr","Rozelle Park",-4.624316,55.436189
"Babbs Mill","Babbs Mill Local Nature Reserve",-1.746034,52.489833
"Bailey juniors","Bailey Park",-3.016796,51.826629
"Bakewell","Hassop Station",-1.675286,53.230788
"Banbury","Spiceball park",-1.332318,52.068807
"Bangor juniors","Bangor Sportsplex",-5.709153,54.650612
"Bangor","Ward Park",-5.661693,54.660024
"Banstead Woods","Banstead Woods, Coulsdon",-0.184225,51.307648
"Barclay","Barclay Park",-0.019442,51.759056
"Barking and Dagenham juniors","Central Park",0.15677,51.559974
"Barking","Barking Park",0.087312,51.545894
"Barnsley juniors","Locke Park",-1.48617,53.54438
"Barnsley","Locke Park, Barnsley",-1.486115,53.544369
"Barnstaple juniors","Rock Park",-4.053904,51.071801
"Barnstaple","Rock Park",-4.053612,51.072561
"Barrow juniors","Barrow Park",-3.218758,54.116526
"Barrow","Barrow Park, Barrow-in-Furness",-3.218855,54.117706
"Barry Island","Barry Island Promenade",-3.271371,51.390202
"Barry juniors","Romilly Park",-3.291377,51.393485
"Barshaw juniors","Barshaw Park",-4.394725,55.84851
"Basildon","Northlands Park",0.499615,51.577778
"Basingstoke juniors","Stratton Park",-1.128675,51.252197
"Basingstoke","Basingstoke War Memorial Park",-1.082035,51.258831
"Bath Odd Down juniors","Odd Down Sports Ground",-2.376181,51.363164
"Bath Skyline","Bath",-2.338425,51.364717
"Battery Park juniors","Battery Park",-4.800003,55.961198
"Beaumont Park juniors","Beaumont Park",-1.811237,53.622934
"Beckenham Place","Beckenham Place Park",-0.006042,51.417952
"Beckton","Beckton District Park South",0.046542,51.51176
"Bedfont Lakes","Bedfont Lakes Country Park",-0.451523,51.440762
"Bedford juniors","Jubilee Park",-0.449781,52.124298
"Bedford","Bedford Park, Bedford",-0.459366,52.148125
"Bedgebury Pinetum","Bedgebury National Pinetum & Forest",0.450168,51.071871
"Bedworth","Miners Welfare Park",-1.47027,52.476054
"Beehive juniors","King George V Playing Fields",-0.189677,51.788927
"Beeston","Weirfields Recreation Ground",-1.201737,52.913592
"Belfast Victoria juniors","Victoria Park, Belfast",-5.870456,54.609998
"Belfast Victoria","Victoria Park, Belfast",-5.881573,54.608785
"Belton House","Belton House",-0.620021,52.942743
"Bestwood Village","Bestwood Country Park",-1.171188,53.022132
"Bethlem Royal Hospital","Bethlem Royal Hospital",-0.029969,51.385332
"Betteshanger juniors","Betteshanger Country Park",1.371111,51.236001
"Bevendean Down","Bevendean Down",-0.107027,50.844709
"Beverley Westwood","Beverley Westwood",-0.440675,53.840255
"Bexley","Danson Park, Bexley",0.113254,51.455132
"Bicester","Langford Village",-1.146866,51.891101
"Bideford","Victoria Park",-4.204316,51.024075
"Billericay","Lake Meadows Park",0.417446,51.632966
"Billingham juniors","John Whitehead Park",-1.289735,54.610247
"Birches Valley juniors","Birches Valley",-1.968971,52.750906
"Birkenhead","Birkenhead Park",-3.051658,53.394807
"Black Park","Black Park Country Park, Slough",-0.5476,51.540329
"Blackhill","Blackhill and Consett Heritage Park",-1.842366,54.858315
"Blackpool","Stanley Park",-3.023114,53.811727
"Blandford","Jubilee Way",-2.16627,50.863122
"Blickling","Blickling Park",1.221671,52.813653
"Bloxwich juniors","King George V Memorial Playing Fields",-2.006525,52.625246
"Blyth Links","Blyth Links",-1.499456,55.106922
"Bodington juniors","Bodington Cycle Circuit and Playing Fiel",-1.590275,53.841537
"Bodmin juniors","Hillside Park",-4.73101,50.474313
"Bognor Regis juniors","Arena Sports Centre",-0.693819,50.792765
"Bognor Regis","Hotham Park",-0.668305,50.786913
"Bold Forest juniors","Colliers Moss North",-2.68652,53.441061
"Bolton","Leverhulme Park, Bolton",-2.395615,53.574715
"Boston Road Rec juniors","Boston Road Recreation Ground",-0.40055,52.997065
"Boston","Witham Way Country Park",-0.038556,52.990156
"Bournemouth","Kings Park Athletic Stadium",-1.832732,50.73362
"Bracknell juniors","Great Hollands Recreation Ground",-0.778067,51.389493
"Bracknell","Great Hollands Recreation Ground",-0.776844,51.390248
"Bradford","Lister Park, Bradford",-1.775102,53.814575
"Bramhall Park","Bramhall Park, near Stockport",-2.160702,53.374268
"Bramley juniors","Bramley Park",-1.634046,53.81364
"Bramley","Bramley Park",-1.633461,53.813432
"Brandon Country Park","Brandon Country Park",0.625877,52.436339
"Braunstone","Braunstone, Leicester",-1.178681,52.626129
"Breckland Leisure Centre juniors","Breckland Leisure Centre Leisure",0.747829,52.421826
"Brentwood juniors","Weald Country Park",0.265978,51.623854
"Brentwood","Weald Country Park",0.266879,51.622582
"Bressay","Bressay",-1.119683,60.158081
"Bridgend juniors","Newbridge Fields",-3.583298,51.502993
"Brierley Forest","Mineralwell Park",-1.295214,53.131155
"Brighouse juniors","Wellholme Park",-1.776459,53.70627
"Brighouse","Wellholme Park",-1.778156,53.706086
"Brighton & Hove","Hove Park, Brighton",-0.172498,50.84214
"Brixworth Country","Brixworth Country Park",-0.895675,52.318576
"Broadmeadow juniors","Lakeland Forum",-7.643103,54.344072
"Brockenhurst","Brockenhurst College",-1.568052,50.821804
"Brockwell juniors","Brockwell Park",-0.106505,51.452603
"Brockwell","Brockwell Park, Herne Hill",-0.105464,51.452538
"Bromley juniors","Norman Park",0.026049,51.389329
"Bromley","Norman Park, Bromley",0.022874,51.386539
"Bromsgrove juniors","Sanders Park",-2.072308,52.334159
"Brooklands","Brooklands Community Park",-0.471408,51.346969
"Brueton","Brueton Park, Solihull",-1.764593,52.406754
"Brumby Wood Rec Ground juniors","Brumby Wood Rec Ground",-0.664778,53.581186
"Brundall","Countryside Park",1.417369,52.624133
"Bryn Bach juniors","Bryn Bach country park",-3.267184,51.783571
"Bryn Bach","Parc Bryn Bach, Tredegar",-3.269548,51.781621
"Brynaman","Brynamman Rugby Club",-3.871498,51.806882
"Buckingham juniors","Bourton Park",-0.975386,51.997232
"Buckingham","Bridge Street Skate Park",-0.984462,51.998987
"Burgess juniors","Burgess Park",-0.082664,51.483207
"Burgess","Burgess Park",-0.081024,51.484536
"Burnage","Varley Park, Stockport SK4 3EA",-2.209185,53.407152
"Burnham and Highbridge","Apex Park",-2.990243,51.226679
"Burnham-on-Crouch","Riverside Country Park",0.810923,51.627409
"Burnley juniors","Towneley Park",-2.219036,53.777385
"Burnley","Towneley Park, Burnley",-2.221555,53.77834
"Burslem Park juniors","Burslem Park",-2.189272,53.048527
"Bury St Edmunds juniors","Bury St Edmunds",0.734698,52.244457
"Bury St Edmunds","Nowton Park",0.730183,52.224887
"Bushy Park","Bushy Park, Teddington",-0.335791,51.410992
"Bushy juniors","Bushy Park, Teddington",-0.332639,51.420504
"California Country","California Country Park",-0.867647,51.379583
"Cambridge juniors","Milton Country Park",0.163389,52.236606
"Cambridge","Milton Country Park, Cambridge",0.161906,52.236675
"Camperdown","Camperdown Country Park",-3.030896,56.483681
"Cannock Chase","Cannock Chase",-1.99542,52.73744
"Cannon Hill juniors","Cannon Hill Park",-1.904225,52.449976
"Cannon Hill","Cannon Hill, Birmingham",-1.89997,52.452637
"Canons Park","Canons Park",-0.296184,51.612291
"Canterbury","The Pavillion",1.057002,51.299468
"Cape Pembroke Lighthouse","Cape Pembroke Lighthouse",-57.757716,-51.683211
"Cardiff juniors","Llandaff Fields",-3.204035,51.489617
"Cardiff","Cardiff Blackweir",-3.207107,51.49736
"Carlisle juniors","Bitts Park",-2.936575,54.899555
"Carlisle","Chances Park",-2.963455,54.886025
"Carmarthen juniors","Carmarthen Park",-4.315982,51.854169
"Carrickfergus","Amphitheatre Wellness Centre",-5.805285,54.719992
"Cassiobury","Cassiobury Park",-0.406335,51.657677
"Castle Howard","Castle Howard",-0.910925,54.120303
"Castle Park","Castle Park",0.164165,51.87167
"Castlewellan","Castlewellan Forest Park",-5.95386,54.262147
"Catford","Mountsfield Park",-0.00863,51.44824
"Catterick","Catterick Racecourse",-1.646503,54.385534
"Catton","Catton Park",1.295507,52.656696
"Central Park juniors","Central Park",-0.235072,52.584576
"Centre Vale","Centre Vale Park",-2.102438,53.718272
"Chadderton Hall","Chadderton Hall Park",-2.158552,53.554066
"Chasewater","Chasewater Country Park",-1.944407,52.661987
"Cheadle Hulme","Grove Park Sports Club",-2.210652,53.379026
"Cheddar juniors","Kings Fitness and Leisure",-2.77921,51.273808
"Chelmsford Central","Chelmsford Central",0.464945,51.732577
"Chelmsford juniors","Central Park",0.466286,51.733083
"Cheltenham juniors","The Park",-2.088862,51.886492
"Cheltenham","Pittville Park",-2.07824,51.911754
"Cheshunt juniors","Cheshunt Park",-0.04912,51.715497
"Chester","Countess of Chester Country Park",-2.902368,53.207796
"Chichester juniors","Priory Park",-0.776619,50.839693
"Chichester","Oaklands Park",-0.777535,50.846182
"Chippenham juniors","Monkton Park",-2.111954,51.460235
"Chippenham","Monkton Park",-2.113119,51.460469
"Chipping Norton School","Chipping Norton School",-1.54029,51.93812
"Chipping Sodbury","The Ridings",-2.397165,51.544366
"Churchfields Farm","Churchfields Farm",-2.183958,52.252055
"Churchill Gardens juniors","Churchill Gardens Leisure Centre",-1.790559,51.062559
"Cirencester","Royal Agricultural University",-1.99109,51.711207
"Citypark","Citypark Park, Craigavon",-6.386002,54.451093
"Clacton Seafront","Clacton Seafront",1.142974,51.781574
"Clacton juniors","Clacton Seafront",1.142953,51.781588
"Clair","Clair Park",-0.100143,51.004322
"Clapham Common","Clapham Common",-0.151331,51.455873
"Clare Castle","Clare Castle Country Park",0.581882,52.076428
"Cleethorpes","Cleethorpes Country Park",-0.025384,53.541552
"Clevedon Salthouse Fields","Clevedon Salthouse Park",-2.866505,51.434573
"Cliff Park juniors","Cliff Park,",1.28484,51.937792
"Cliffe Castle","Cliffe Castle Park",-1.913364,53.874658
"Clifton","Clifton Playing Fields",-1.163033,52.907144
"Clitheroe Castle juniors","Clitheroe Castle Gardens",-2.394122,53.870606
"Clitheroe Castle","Clitheroe Castle Gardens",-2.39478,53.870346
"Clough Hall juniors","Clough Hall Park",-2.249699,53.083194
"Clumber Park","Clumber Park",-1.065717,53.268022
"Colby","Colby Woodland Garden",-4.669924,51.74064
"Colchester Castle","Castle Park",0.902724,51.89167
"Colchester juniors","Old Heath Recreation Ground",0.919969,51.87996
"Coldham’s Common juniors","Coldham’s Common",0.15458,52.208437
"Coldham’s Common","Coldham’s Common",0.158881,52.206705
"Colin Glen","Colin Glen Forest Park",-6.020504,54.570723
"Collett Park juniors","Collett Park",-2.542572,51.187461
"Colney Lane","UEA Colney Lane Playing Fields",1.22519,52.621317
"Colwick","Colwick Country Park, Nottingham",-1.09786,52.945171
"Comber juniors","Parkway",-5.739909,54.549098
"Comber","Parkway",-5.740415,54.549593
"Concord","Concord Park, Sheffield",-1.441612,53.424007
"Congleton","Astbury Mere",-2.229795,53.160781
"Conkers","Conkers Park",-1.543021,52.739475
"Conwy Nature Reserve juniors","Conwy Nature Reserve",-3.809626,53.279512
"Conwy","RSPB Nature Reserve, Conwy",-3.808966,53.279388
"Conyngham Hall","Conyngham Hall",-1.479507,54.011758
"Corby","West Glebe Recreation Ground",-0.691774,52.493879
"Cosmeston Lakes","Cosmeston Lakes Country Park",-3.185615,51.418047
"Cotsford Fields","Cotsford Fields",-1.30077,54.759499
"Coventry","War Memorial Park, Coventry",-1.524026,52.39172
"Craigswood juniors","Xcite Craigswood",-3.504524,55.902126
"Cranbrook Country Park juniors","Cranbrook Country Park",-3.408137,50.751359
"Crane Park","Crane Park, Twickenham",-0.372075,51.441168
"Cranleigh juniors","Bruce Mckenzie Memorial Field",-0.492747,51.138393
"Cranleigh","Bruce McKenzie Memorial Field",-0.49151,51.13819
"Crathes Castle","Crathes Castle",-2.440954,57.061178
"Crewe","Queens Park",-2.470556,53.097388
"Crichton","The Crichton",-3.594589,55.050773
"Crosby","Crosby Leisure Centre",-3.046711,53.48269
"Cross Flatts juniors","Cross Flatts Park",-1.558242,53.776611
"Cross Flatts","Cross Flatts Park",-1.55757,53.775754
"Croxteth Hall","Croxteth Hall Country Park",-2.891774,53.44217
"Crystal Palace juniors","Crystal Palace Park",-0.06577,51.419792
"Crystal Palace","Crystal Palace Park",-0.065703,51.419846
"Cuerden Valley","Cuerden Valley Park",-2.659442,53.708614
"Cusworth Hall","Cusworth Hall Museum & Park",-1.177617,53.529479
"Cwmbran","Northfields Recreation Ground",-3.013498,51.656234
"Cyclopark","Cyclopark",0.352561,51.419922
"Dalby Forest","Dalby Forest Courtyard",-0.686599,54.273821
"Darlington South Park","South Park",-1.560531,54.51484
"Dartford Heath","Heath Lane",0.189929,51.435932
"Dartford juniors","Central Park",0.219065,51.44107
"Dartford","Central Park",0.220166,51.439141
"Daventry juniors","Daventry Sports Park",-1.188517,52.255003
"Daventry","Daventry Country Park",-1.15732,52.262374
"Dean Castle Country Park","Dean Castle Country Park",-4.482932,55.622901
"Delamere","Delamere Forest",-2.68796,53.239537
"Derry City juniors","Foyle Arena",-7.304701,55.000642
"Derry City","Derry City Centre",-7.318933,55.006966
"Desborough Green Space juniors","Desborough Leisure Centre",-0.819338,52.446059
"Devonport juniors","Devonport Park,",-4.172108,50.376471
"Dewsbury juniors","Crow Nest Park",-1.646944,53.688984
"Dewsbury","Crow Nest Park, Dewsbury",-1.646275,53.688218
"Didcot","Ladygrove Park",-1.239,51.612792
"Dinton Pastures","Dinton Pastures Country Park",-0.880056,51.440292
"Dishley, Loughborough","Loughborough Rugby Club",-1.234785,52.787485
"Dixton juniors","Monmouth Leisure Centre",-2.707755,51.815864
"Dolgellau","The Marian",-3.886527,52.744574
"Doncaster","Sandall Park",-1.089095,53.54532
"Dover juniors","Kearsney Abbey",1.269228,51.14766
"Drumchapel","Garscadden Woods East",-4.350674,55.91688
"Drumpellier Country","Drumpellier Country Park",-4.065615,55.871588
"Druridge Bay","Druridge Bay Country Park",-1.572348,55.292765
"Dudley","The Dell Stadium",-2.134568,52.490027
"Dukeries juniors","Dukeries Leisure Centre",-0.997203,53.207905
"Duloch juniors","Duloch Country Park",-3.401857,56.062493
"Dulwich","Dulwich Park, Dulwich",-0.079206,51.443869
"Dumfries juniors","Dock Park",-3.606924,55.062707
"Dunfermline","Pittencrieff Park",-3.470694,56.070684
"Dungannon Park","Dungannon Park",-6.755359,54.489432
"Dunstable Downs","Dunstable Downs",-0.537791,51.865432
"Durham City juniors","Durham Racecourse",-1.564287,54.775551
"Durham","Graham Sports Centre, Durham",-1.558852,54.767605
"Duthie juniors","Duthie Park",-2.105342,57.131553
"East Brighton","East Brighton Park",-0.099373,50.818691
"East Grinstead","East Court",0.001373,51.129008
"East Park","East Park",-2.101975,52.579042
"Eastbourne juniors","King Edwards Parade",0.286914,50.76191
"Eastbourne","Shinewater Park, Eastbourne",0.290451,50.806248
"Eastleigh","Fleming Park Old Golf Course, Eastleigh",-1.374032,50.971433
"Eastney juniors","Bransbury Park",-1.054334,50.789698
"Eastville juniors","Eastville Park",-2.554961,51.476132
"Eastville","Eastville Park",-2.554304,51.475453
"Eaton juniors","Eaton Park",1.25856,52.619606
"Ecos","Ecos Park, Ballymena",-6.259117,54.867371
"Eden Project","Eden Project",-4.74285,50.358315
"Edinburgh","Edinburgh Promenade",-3.291585,55.978806
"Eglinton","Eglinton Country Park",-4.669662,55.643935
"Elgin","Cooper Park",-3.313072,57.653393
"Ellenbrook Fields","University of Hertfordshire Sports Villa",-0.254277,51.761787
"Ellesmere Port","Whitby Park",-2.902542,53.272524
"Ellon","Ellon Academy Community Campus",-2.056968,57.359262
"Eltham juniors","Eltham Park South",0.068186,51.455664
"Enniskillen","Enniskillen",-7.642293,54.343834
"Erddig","Erddig Hall",-3.006833,53.027137
"Evesham juniors","Evesham",-1.958169,52.09023
"Evesham","Evesham",-1.958122,52.090191
"Exeter Riverside","Exeter Quay & River Valley Park",-3.525833,50.713762
"Exmouth","Exmouth",-3.412392,50.614697
"Falkirk","Callendar Park, Falkirk",-3.766712,55.99543
"Falls","Falls Park, Belfast",-5.978879,54.586363
"Fareham","Cams Hall Estate",-1.167385,50.848448
"Felixstowe Prom juniors","Felixstowe Prom",1.345726,51.957785
"Felixstowe","Undercliff Road West",1.345741,51.957778
"Fell Foot","Fell Foot Park",-2.952259,54.274736
"Ferry Meadows","Ferry Meadows Country Park",-0.308132,52.565563
"Finsbury Park","Finsbury Park",-0.104145,51.569595
"Fire Service College","Fire Service College",-1.675487,51.990688
"Flatts Lane","Flatts Lane Woodland Country Park",-1.151741,54.543872
"Fleetwood Promenade","Outer Promenade",-3.016919,53.927366
"Fletcher Moss","Fletcher Moss Park",-2.23551,53.40999
"Florence Park juniors","Florence Park",-1.223801,51.737483
"Folkestone","The Leas",1.172753,51.075729
"Foots Cray Meadows","Foots Cray Meadows",0.133269,51.432103
"Ford","Ford Park",-3.088135,54.198427
"Forest Rec juniors","Forest Recreation Ground",-1.160495,52.965238
"Forest Rec","Forest Recreation Gound, Nottingham",-1.159766,52.965352
"Forest of Dean juniors","Coverham Enclosure, Forest of Dean",-2.605219,51.808701
"Forest of Dean","Coverham Enclosure, Forest of Dean",-2.605219,51.808701
"Fort William","Nevis Range",-4.999161,56.851484
"Fountains Abbey","Fountains Abbey",-1.581983,54.110196
"Friary Park juniors","Friary Park",-0.162187,51.619706
"Frickley Country","Frickley Country Park",-1.290457,53.588573
"Frimley Lodge","Frimley Lodge Park",-0.724851,51.298622
"Fulbourn Hospital","Fulbourn Hospital",0.186094,52.184131
"Fulham Palace","Bishops Park",-0.218493,51.472465
"GEC Rec juniors","GEC Recreational Ground",-1.239956,52.365561
"Gadebridge","Gadebridge Park",-0.473542,51.758909
"Gainsborough","West Lindsey Leisure Centre",-0.770777,53.406272
"Ganavan Sands","Ganavan",-5.469021,56.437766
"Gateshead"," Saltwell Park, Gateshead",-1.602094,54.944733
"Gedling juniors","Gedling Country Park",-1.087241,52.99389
"Gedling","Gedling Country Park",-1.087124,52.993919
"Gibside","Gibside",-1.731248,54.920406
"Girvan Prom","Knockcushan Street",-4.862538,55.243994
"Gladstone","Gladstone Park, London",-0.228223,51.556982
"Glossop","Manor Park",-1.939503,53.447019
"Gloucester City","Gloucester Park",-2.243129,51.858707
"Gloucester North","Plock Court Playing Fields",-2.231707,51.878304
"Gnoll juniors","Gnoll Estate Country Park",-3.787224,51.662428
"Gnoll","Gnoll Estate Country Park",-3.788616,51.661114
"Goole","West Park",-0.891098,53.710492
"Gorleston juniors","Gorleston-on-sea",1.731107,52.567979
"Gorleston","Gorleston Cliffs Promenade",1.73069,52.567806
"Goudhurst juniors","The Glebe Field",0.463445,51.113694
"Grange Paddocks juniors","Grange Paddocks Leisure Centre",0.162395,51.877648
"Grangemoor","Cardiff",-3.192412,51.454464
"Graves juniors","Graves Park",-1.465051,53.338892
"Graves","Graves Park, Sheffield",-1.464657,53.338906
"Gravesend juniors","Riverside Leisure Area",0.379039,51.443724
"Great Cornard juniors","Great Cornard Sports Centre",0.749416,52.023598
"Great Cornard","Great Cornard Sports Centre",0.751362,52.02463
"Great Denham","Great Denham",-0.509062,52.121602
"Great Dunmow","The Recreation Ground",0.3627,51.878681
"Great Lines","Great Lines Heritage ParkPark",0.541334,51.388527
"Great Notley juniors","Great Notley Country Park",0.51556,51.863774
"Great Notley","Great Notley Country Park",0.51584,51.864147
"Greenock","The Esplanade",-4.767348,55.956525
"Greenwich","Avery Hill Park, Greenwich",0.075155,51.449459
"Groe","Groe Park",-3.403113,52.150418
"Grovelands","Grovelands Park, Enfield",-0.113769,51.633076
"Guernsey","Pembroke Bay",-2.530312,49.502341
"Guildford juniors","Stoke Park",-0.567461,51.244977
"Guildford","Stoke Park, Guildford",-0.562062,51.247383
"Gunnersbury","Gunnersbury Park, South Acton",-0.292253,51.499405
"Gunpowder","Gunpowder Park, Waltham Abbey",-0.000831,51.676037
"Hackney Marshes","Hackney Marshes",-0.025368,51.553686
"Hackworth","Hackworth Park",-1.644945,54.628071
"Hadleigh","Hadleigh Country Park",0.59606,51.549769
"Hafan Pwllheli","Plas Heli Cyf",-4.402811,52.888538
"Haigh Woodland","Haigh Country Park",-2.609519,53.572714
"Haldon Forest","Haldon Forest Park",-3.579359,50.653392
"Halifax","Shroggs Park",-1.873871,53.731746
"Hampstead Heath","Hampstead Heath",-0.168185,51.558598
"Hanley","Hanley Park, Hanley",-2.175164,53.012501
"Hanworth juniors","Hanworth Air Park Leisure Centre & Libra",-0.391593,51.439389
"Hanworth","Hanworth Park",-0.398287,51.43874
"Harcourt Hill juniors","Harcourt Hill Campus",-1.295183,51.739341
"Harcourt Hill","Harcourt Hill Campus",-1.295191,51.739369
"Harlow juniors","Harlow Town Park",0.098433,51.77798
"Harlow","Harlow Town Park",0.103624,51.77766
"Harrogate juniors","The Valley Gardens",-1.550192,53.991699
"Harrogate","The Stray, Harrogate",-1.521435,53.992428
"Harrow Lodge juniors","Harrow Lodge Park",0.202013,51.555718
"Harrow Lodge","Harrow Lodge Park",0.200715,51.555606
"Harrow","Harrow Recreation Ground",-0.342734,51.581781
"Hartlepool","Hartlepool",-1.195128,54.686937
"Harwich","Cliff Park",1.284809,51.938035
"Hastings","Hastings",0.539739,50.850291
"Havant","Staunton Country Park",-0.975565,50.875771
"Haverfordwest","Haverfordwest Crickert Club",-4.992836,51.797163
"Haverhill","Puddlebrook Playing Fields",0.422212,52.076737
"Hawkwell juniors","Clements Hall Recreation Ground",0.673991,51.595524
"Hay Lodge","Hay Lodge Park",-3.199586,55.651659
"Haywards Heath juniors","Victoria Park",-0.106104,50.998429
"Hazelwood","Hazelwood Centre",-0.421045,51.405783
"Hazlehead","Hazlehead Park",-2.175647,57.141371
"Heartlands","Heartlands,",-5.2715,50.224177
"Heaton Park","Heaton Park, Manchester",-2.256263,53.531975
"Heavitree juniors","Heavitree Pleasure Ground",-3.501308,50.723092
"Helix juniors","Helix Park",-3.757796,56.008708
"Hemlington Lake juniors","Hemlington Lake",-1.244316,54.526005
"Henley Wood, Oswestry","Henley Wood",-3.030368,52.862542
"Henley-on-Thames","Henley-on-Thames",-0.919288,51.531978
"Henstridge Airfield","Henstridge Airfield",-2.352992,50.985278
"Hereford","Hereford",-2.724152,52.068892
"Herrington Country","Herrington Country Park",-1.476809,54.876573
"Hertford juniors","Hartham Common",-0.077451,51.801059
"Heslington","York Sport Village",-1.01799,53.949319
"Higginson, Marlow","Higginson Park,",-0.779573,51.566268
"Highbury Fields juniors","Highbury Fields",-0.103038,51.547113
"Highbury Fields","Highbury Fields, Highbury",-0.102884,51.546959
"Highwoods","Highwoods Country Park",0.917561,51.904682
"Hillsborough","Hillsborough Park",-1.501973,53.408457
"Hilly Fields juniors","Hilly Fields park",-0.023945,51.459916
"Hilly Fields","Hilly Fields",-0.025019,51.460143
"Hoblingwell juniors","Hoblingwell Wood Recreation Ground",0.099478,51.401701
"Hoblingwell","Hoblingwell Wood Recreation Ground",0.098847,51.400981
"Hockley Woods","Hockley Woods",0.64912,51.596133
"Hogmoor Inclosure juniors","Hogmoor Inclosure",-0.876815,51.111093
"Hogmoor Inclosure","Hogmoor Inclosure ",-0.875934,51.111681
"Holkham","Holkham Hall",0.801022,52.950159
"Holy Cross College","Holy Cross College",-7.477408,54.815718
"Homewood","Ottershaw Memorial Fields",-0.539078,51.366808
"Horsham juniors","Horsham Park",-0.32753,51.066568
"Horsham","Horsham",-0.327908,51.06651
"Horton Park","Horton Park",-1.77538,53.782455
"Houghton Hall juniors","Houghton Hall Park",-0.509799,51.901555
"Houghton Hall","Houghton Hall Park",-0.510046,51.90155
"Hove Park juniors","Hove Park",-0.172638,50.841288
"Hove Promenade","Hove Lawns",-0.166594,50.823391
"Hucknall juniors","Titchfield Park",-1.203623,53.029124
"Huddersfield juniors","Greenhead Park",-1.799336,53.648309
"Huddersfield","Greenhead Park, Huddersfield",-1.800685,53.650608
"Hull","East Park, Hull",-0.300708,53.764645
"Humber Bridge","Humber Bridge Country Park",-0.453352,53.71723
"Hunstanton Promenade","Hunstanton North Promenade",0.486526,52.941684
"Huntingdon","Huntingdon",-0.211551,52.330061
"Hyde juniors","Hyde Park",-2.07756,53.458379
"Hyde","Hyde Park",-2.076554,53.45713
"Hyndburn","Wilson Playing Fields",-2.376734,53.781711
"Ifield Mill Pond","Ifield Mill Pond",-0.218863,51.107508
"Inverleith juniors","Inverleith park",-3.213143,55.964343
"Inverness","Bught Park, Inverness",-4.235474,57.463654
"Ipswich juniors","Christchurch Park",1.159304,52.065233
"Ipswich","Chantry Park",1.11585,52.052293
"Irchester Country","Irchester Country Park",-0.673649,52.285076
"Isabel Trail","Isabel Trail",-2.125953,52.808242
"Jacks Road juniors","NAAC Athletics Arena",-4.794416,55.642811
"Jersey Farm","Jersey Farm Woodland Park",-0.307978,51.773718
"Jersey","Les Quennevais sports centre",-2.204124,49.195026
"Jesmond Dene","Jesmond Dene",-1.592839,54.99188
"Jordanstown juniors","Ulster University, Jordanstown Campus",-5.88614,54.68829
"Jubilee juniors","Jubilee Park",-0.165825,52.359161
"Jubilee","Jubilee Park",-1.604602,54.701073
"Kenton Rec juniors","Kenton Recreation Ground",-0.320608,51.586093
"Kesgrave juniors","Kesgrave",1.256579,52.058171
"Kesgrave","Kesgrave",1.257741,52.058138
"Keswick juniors","Upper Fitz Park",-3.135084,54.602628
"Keswick","Keswick Railway Path",-3.129497,54.603863
"Kettering","Wicksteed Park",-0.710653,52.384226
"Kew Woods","Kew Woods",-2.995064,53.629073
"Killerton","Killerton, Broadclyst",-3.455007,50.792835
"King George V Playing Field","King George V Playing Field",-2.110018,51.901883
"King George V juniors","King George V Park",-2.136166,51.37731
"King George juniors","King George Recreation Ground",-0.352275,51.642943
"Kingdom","Kingdom",0.162768,51.162408
"Kings Weston juniors","Kings Weston Estate",-2.660036,51.493696
"Kingsbury Water","Kingsbury Water Park",-1.698718,52.561983
"Kingston","Kingston Riverside",-0.309516,51.426567
"Kingsway","Kingsway Sports Pavillion",-2.272804,51.821487
"King’s Lynn juniors","The Walks",0.405875,52.752894
"King’s Lynn","The Walks, King’s Lynn",0.407446,52.752762
"Kirkcaldy","Beveridge Park",-3.169549,56.104087
"Kirkwall","The Peedie Sea",-2.948069,58.982282
"Knavesmire juniors","The Knavesmire",-1.095572,53.941473
"Knowsley","Stadt Moers Park",-2.811654,53.411116
"Lake Meadows juniors","Lake Meadows",0.417884,51.633139
"Lakes juniors","Leon Leisure Centre, Lakes Estate",-0.729071,51.980969
"Laleham juniors","Thames Side",-0.488839,51.399461
"Lanark Moor","Lanark Racecourse",-3.750284,55.666318
"Lancaster","Williamson Park",-2.781183,54.04568
"Lancing Beach Green","28 Brighton Road",-0.323792,50.820591
"Land’s End","Land’s End",-5.714096,50.066127
"Lanhydrock","Lanhydrock House",-4.69614,50.441131
"Larne juniors","Town Park",-5.807147,54.857605
"Larne","Carnfunnock Country Park",-5.843595,54.88843
"Lea Bridges juniors","Lea Bridges Park",1.291251,52.604975
"Leamington","Newbold Comyn, Leamington",-1.504655,52.28714
"Leatherhead juniors","Leatherhead Leisure Centre",-0.332135,51.291056
"Leavesden juniors","Leavesden Country Park",-0.403035,51.705262
"Leazes","Leazes Park",-1.625633,54.977078
"Lee-on-the-Solent","Lee-on-the-Solent",-1.20383,50.801087
"Leicester Victoria","Victoria Park",-1.121659,52.620954
"Leigh juniors","Leigh Sports Village",-2.526349,53.490116
"Leighton Buzzard juniors","Parson’s Close Recreation Ground",-0.662005,51.914155
"Lesnes Abbey Woods juniors","Lesnes Abbey Woods Park",0.12764,51.488936
"Letchworth","Grange Recreation Ground",-0.22279,51.999895
"Levengrove","Levengrove Park,",-4.57567,55.940721
"Leyton Jubilee juniors","Leyton Jubilee Park",-0.028188,51.56385
"Limavady","Blackburn Park",-6.944777,55.047128
"Lincoln","Boultham Park",-0.560904,53.208848
"Linford Wood","Linford Wood",-0.760168,52.05864
"Lingwood","Lingwood Village Hall",1.493528,52.618901
"Linwood","ON-X Linwood",-4.505078,55.854033
"Little Stoke juniors","Little Stoke Park",-2.55975,51.529479
"Littlehampton Prom","Promenade",-0.541939,50.802284
"Littleport","Littleport Recreation Ground,",0.299342,52.463048
"Livingston","Almondvale Park",-3.518828,55.886797
"Llanelli Coast juniors","King George V Playing Fields",-4.206828,51.685529
"Llanelli Coast","King George V Playing Fields",-4.206204,51.68508
"Llanerchaeron","Llanerchaeron",-4.235798,52.220443
"Lloyd juniors","Lloyd Park",-0.080886,51.36575
"Lloyd","Lloyd Park, Croydon",-0.079973,51.364807
"Llyn Llech Owain","Llyn Llech Owain",-4.080563,51.812913
"Loch Leven juniors","Kirkgate Park",-3.412742,56.201892
"Loch Leven","Loch Leven’s Larder",-3.358085,56.219434
"Loch Neaton","Loch Neaton",0.8274,52.577558
"Lochend Woods","Hallhill Sports Centre",-2.521501,55.997214
"Lochore Meadows","Lochore Meadows Country Park",-3.33708,56.150699
"London Fields juniors","London Fields West Side",-0.060373,51.542178
"Long Eaton juniors","West Park Leisure Centre",-1.288336,52.895161
"Long Eaton","West Park Leisure Centre",-1.285853,52.895155
"Longrun Meadow juniors","Longrun Meadow",-3.115089,51.017199
"Longrun Meadow","Longrun Meadow Park",-3.114989,51.018755
"Longton juniors","Longton Park",-2.138212,52.976222
"Lough Moss juniors","Lough Moss Leisure Centre",-5.900203,54.514716
"Lowestoft","Cardiff",1.747338,52.468286
"Ludlow","Mortimer Forest",-2.773078,52.353284
"Lullingstone","Lullingstone Country Park",0.187147,51.353118
"Lurgan juniors","Lurgan Park",-6.321318,54.462455
"Luton Wardown","Wardown Park",-0.420917,51.889853
"Lydiard juniors","Lydiard Park, Swindon",-1.857423,51.563048
"Lydiard","Lydiard Park, Swindon",-1.853621,51.561489
"Lydney","Lydney Boating Lake",-2.52648,51.721613
"Lyme Park","Lyme Park",-2.058402,53.337193
"Lymington Woodside","Woodside Gardens",-1.54548,50.747747
"Lytham Hall","Lytham Hall",-2.977613,53.744855
"MUSA Cookstown","Mid Ulster Sports Arena",-6.735656,54.615093
"MacRosty juniors","MacRosty Park",-3.847588,56.378325
"Macclesfield","South Park",-2.1303,53.251413
"Maesteg","Welfare Park",-3.665573,51.609499
"Magherafelt juniors","Polepatrick",-6.596783,54.761747
"Maidenhead","Braywick Park",-0.712135,51.51095
"Maidstone","River Medway",0.507689,51.29641
"Maldon Prom juniors","Promenade Park",0.689713,51.726789
"Maldon Prom","Maldon Promenade Park",0.68877,51.726742
"Mallards Pike","Mallards Pike",-2.528555,51.784666
"Malling","Leybourne Lakes Country Park",0.437343,51.31537
"Manor Field, Whittlesey","Manor Field (Manor Leisure Centre)",-0.125941,52.551869
"Manor Park juniors","Manor Park",0.405811,51.288548
"Mansfield","Mansfield",-1.183844,53.174034
"March","Williamson Park",0.086208,52.550069
"Margate juniors","Hartsdown Park",1.37197,51.383375
"Margate","Margate",1.403997,51.39207
"Markeaton juniors","Markeaton Park",-1.503604,52.934138
"Markeaton","Markeaton",-1.504769,52.935408
"Market Harborough juniors","Welland Park",-0.928372,52.47499
"Market Harborough","Welland Park",-0.924979,52.474487
"Market Rasen Racecourse","Market Rasen Racecourse",-0.309019,53.380502
"Marlborough Common","Marlborough Common",-1.732581,51.42448
"Marple juniors","Brabyns Park",-2.05793,53.408027
"Marple","Brabyns Park, Stockport",-2.056509,53.404476
"Marshall Drive","Marshall Playing Field",-0.947956,54.574096
"Meadowmill","Meadowmill Sports Centre",-2.966242,55.954249
"Medina I.O.W juniors","Seaclose Park",-1.288812,50.707098
"Medina I.O.W.","Seaclose Park, Medina, I.O.W.",-1.286999,50.711823
"Medway juniors","Strand Leisure Park",0.564496,51.394926
"Melksham","King George V Park",-2.136235,51.377226
"Melton Mowbray juniors","Melton Country Park",-0.877767,52.774327
"Melton Mowbray","Melton Country park",-0.879068,52.780002
"Mersea Island","Cudmore Grove",0.99368,51.79164
"Merthyr","Merthyr Leisure Village",-3.375658,51.73896
"Middleton Woods","Middleton Park",-1.557233,53.751892
"Mile End juniors","Mile End Park",-0.034735,51.518602
"Mile End","Mile End Park, London",-0.033946,51.518169
"Milford Waterfront","Milford Waterfront",-5.031507,51.710763
"Millennium Country","Forest of Marston Vale - Millennium Coun",-0.534082,52.065265
"Millfield","Millfield Park & Recreation Area",-1.190864,54.125154
"Millhouses","Millhouses Park",-1.505027,53.338516
"Millom","Millom Network Centre",-3.26996,54.21399
"Milnrow Memorial Park juniors","Milnrow Memorial Park",-2.10291,53.604202
"Milton Keynes juniors","Emerson Valley Sports Pavilion",-0.782082,52.002181
"Milton Keynes","Willen Lake, Milton Keynes",-0.722984,52.05011
"Minehead","Minehead",-3.469591,51.207524
"Moira juniors","Moira Demesne",-6.228082,54.483275
"Mole Valley","Denbies Wine Estate",-0.330645,51.248259
"Montrose","Roselea Football Club",-2.455223,56.726297
"Moormead juniors","Moormead and Bandy Recreation Ground",-0.326684,51.451595
"Moors Valley juniors","Moors Valley Country Park and Forest",-1.849369,50.851371
"Moors Valley","Moors Valley Country Park and Forest",-1.849419,50.85124
"Morecambe Prom","Promenade",-2.885102,54.065082
"Mount Edgcumbe","Mount Edgcumbe House and Country Park",-4.175493,50.357664
"Mount Stuart","Mount Stuart",-5.019453,55.792888
"Mountbatten School","Mountbatten School",-1.469685,50.982149
"Mulbarton","The Common, Mulbarton",1.236713,52.561625
"Musgrave juniors","Musgrave Park",-5.974033,54.570204
"Myrtle","Myrtle Park",-1.838295,53.846344
"Nant y Pandy","Nant y Pandy Nature Reserve",-4.313233,53.257642
"Netley Abbey juniors","Royal Victoria Country Park",-1.345392,50.8683
"Netley Abbey","Royal Victoria Country Park",-1.334453,50.865345
"New Earswick","New Earswick Sports Club",-1.077677,53.99025
"New Milton juniors","Fawcetts Field",-1.669084,50.747045
"Newark juniors","Sconce and Devon Park",-0.819014,53.070181
"Newark","Sconce and Devon Park",-0.81905,53.070031
"Newbiggin-by-the-Sea","Newbiggin Promenade",-1.505386,55.185215
"Newborough Forest","Newborough Forest",-4.386757,53.144163
"Newbury","Greenham Common, Newbury",-1.292267,51.378426
"Newcastle","Exhibition Park, Newcastle",-1.617994,54.983803
"Newent","Newent Community School/Forest Leisure C",-2.410056,51.926515
"Newport juniors","Tredegar House",-3.028793,51.562767
"Newport","Tredegar House, Newport",-3.030939,51.559479
"Newtown","Dolerw Park Bridge",-3.319012,52.514658
"Nobles","Nobles Park",-4.481846,54.165828
"Nonsuch juniors","Nonsuch Park",-0.230945,51.357366
"Nonsuch","Nonsuch Park, Cheam",-0.231078,51.356926
"Normanby Hall","Normanby Hall Country Park",-0.659924,53.638407
"Northala Fields juniors","Northala Fields",-0.376008,51.540587
"Northala Fields","Northala Fields Park",-0.376711,51.541272
"Northallerton juniors","Stone Cross Playing Fields",-1.433966,54.34923
"Northallerton","Hambleton Leisure Centre",-1.435519,54.348466
"Northampton","Northampton Racecourse",-0.884445,52.248143
"Northlands juniors","Northlands Park",0.498314,51.57779
"Northwich juniors","Marbury Country Park",-2.520506,53.282841
"Northwich","Carey Park",-2.510876,53.265511
"Norwich","Eaton Park, Norwich",1.255682,52.620422
"Nostell","Nostell Priory",-1.381241,53.650212
"Nova Prestatyn","Nova Centre",-3.414183,53.342126
"Oak Hill","Oak Hill Park, East Barnet",-0.153744,51.637718
"Oaklands","Oaklands Recreation Ground",-1.818013,52.466391
"Oakwell Hall","Oakwell Hall Country Park",-1.671596,53.739437
"Ockwells juniors","Ockwells Park",-0.73546,51.50267
"Old Deer Park","Old Deer Park, Richmond",-0.306973,51.464417
"Oldham","Alexandra Park, Oldham",-2.104118,53.534187
"Omagh","Omagh",-7.296222,54.602837
"Orangefield","Orangefield & Greenville Park",-5.884361,54.588509
"Oriam","Oriam, Heriot Watt University",-3.31715,55.909754 
"Ormeau juniors","Ormeau Park",-5.914541,54.588264
"Ormeau","Ormeau Park",-5.914786,54.588374
"Ormskirk","Edge Hill University",-2.868097,53.559245
"Orpington","Goddington Park",0.117224,51.365283
"Osterley juniors","Osterley Park",-0.350722,51.489405
"Osterley","Osterley Park",-0.349889,51.489403
"Oxford","Cutteslowe and Sunnymead Park, Oxford",-1.262419,51.790901
"Paddington Rec juniors","Paddington Recreation Ground",-0.190726,51.529514
"Padiham Greenway juniors","Padiham Greenway",-2.316739,53.798806
"Page Park juniors","Page Park",-2.498184,51.482568
"Panshanger","Panshanger Park",-0.107589,51.796066
"Par Track juniors","Par Track",-4.702068,50.35373
"Park View juniors","QEII Park View Playing Fields",-2.960984,53.741051
"Park Wood juniors","Park Wood",0.554325,51.238375
"Parke","Parke Estate",-3.686562,50.59305
"Peacehaven juniors","Centenary Park",0.011761,50.794091
"Peacehaven","Centenary Park",0.012418,50.794092
"Peckham Rye","Peckham Rye Park",-0.060688,51.455486
"Peel Park juniors","Peel Park",-2.428038,53.531789
"Pegwell Bay","Pegwell Bay",1.361446,51.320957
"Penallta juniors","Parc Penallta Country Park",-3.245668,51.644903
"Penallta","Penallta House",-3.245679,51.644889
"Pendle","Holt House Playing Fields",-2.18011,53.863571
"Penistone","Penistone Show Ground",-1.635407,53.526568
"Pennington Flash","Pennington Flash",-2.542745,53.491608
"Penrhyn","Penrhyn Castle",-4.094495,53.226852
"Penrith","Frenchfiel Sports Centre",-2.720532,54.658026
"Penrose","Penrose",-5.29595,50.083578
"Perry Hall","Perry Hall Park",-1.911825,52.52486
"Perth juniors","South Inch",-3.435321,56.391357
"Perth","North Inch and Riverside parks",-3.435422,56.40515
"Peter Pan juniors","Peter Pan Park",-0.402106,53.738674
"Peter Pan","Peter Pan Park",-0.402181,53.73833
"Phoenix juniors","Phoenix Park",-2.683428,53.336051
"Phoenix","Phoenix Park",-2.681623,53.337865
"Pinehill juniors","Pinehill Park",-0.264145,51.948308
"Pitshanger juniors","Pitshanger Park",-0.318553,51.528578
"Plean","Plean Country Park",-3.881607,56.057791
"Plymvalley","Plymbridge Woods",-4.079618,50.409091
"Pocket","Pocket Park",-0.275327,52.214797
"Polkemmet Country","Polkemmet Country Park",-3.720256,55.866214
"Pollok","Pollok Park, Glasgow",-4.307882,55.82992
"Pomphrey Hill","Pomphrey Hill Playing Fields",-2.47805,51.479321
"Pont y Bala","Lower Tryweryn",-3.593199,52.912396
"Pontefract juniors","Pontefract Park",-1.329962,53.696394
"Pontefract","Pontefract Racecourse",-1.325741,53.697226
"Pontypool juniors","Pontypool Park",-3.035392,51.701218
"Pontypool","Pontypool Park",-3.028573,51.699213
"Pontypridd juniors","Ynysangharad War Memorial Park",-3.337015,51.601625
"Pontypridd","Ynysangharad War Memorial Park",-3.339028,51.602009
"Poole","Poole Park, Poole",-1.968876,50.720348
"Poolsbrook","Poolsbrook Country Park",-1.348842,53.259118
"Porthcawl","Porthcawl Seafront",-3.705976,51.476331
"Portobello","Figgate Park",-3.122656,55.950689
"Portrush juniors","East Strand Beach",-6.648452,55.205011
"Portrush","East Strand Beach, Portrush",-6.648788,55.204638
"Portsmouth Lakeside","Lakeside North Harbour",-1.08157,50.840654
"Potternewton","Potternewton Park",-1.526274,53.818446
"Prestatyn Prom juniors","Nova Centre",-3.412461,53.342584
"Preston Park juniors","Preston Park",-0.147668,50.84122
"Preston Park","Preston Park",-0.148616,50.841557
"Preston","Avenham and Miller Parks",-2.703902,53.751374
"Prestwick Oval juniors","Prestwick Oval, St Ninian’s Park",-4.612539,55.493409
"Princes","Princes Park, Liverpool",-2.956975,53.386456
"Priory Park juniors","Priory Park",-0.125671,51.585754
"Prospect","Prospect Park",-1.00741,51.448386
"Prudhoe Riverside juniors","Tyne Riverside Country Park",-1.865981,54.96663
"Prudhoe Riverside","Tyne Riverside Country Park",-1.863141,54.968071
"Pymmes","Pymmes Park, Edmonton",-0.066953,51.61887
"Queen Elizabeth","Queen Elizabeth Country Park",-0.978384,50.956372
"Queens","Queen's Uni Sport, Upper Malone",-5.963387,54.555092
"Queen’s Parade juniors, Aldershot","Polo Fields",-0.755695,51.265723
"Queen’s Park juniors, Bolton","Queen’s Park",-2.444706,53.577613
"Queen’s Park juniors, London","Queen’s Park",-0.21127,51.534733
"Queen’s Park juniors, Rochdale","Queen’s Park",-2.215383,53.601254
"Queen’s, Glasgow","Queen’s Park",-4.270076,55.833509
"Ramsbottom juniors","Nuttall Park",-2.312222,53.643199
"Raphael","Raphael Park",0.19249,51.585798
"Reading","Thames Riverside, Reading",-0.941573,51.460384
"Reculver juniors","Reculver Country Park",1.194731,51.378274
"Redcar juniors","Locke Park",-1.080751,54.61403
"Redcar","Locke Park, Redcar",-1.07902,54.615225
"Reigate Priory juniors","Reigate Priory Park",-0.207922,51.234222
"Reigate Priory","Priory Park",-0.208644,51.23435
"Richmond Park","Richmond Park, Richmond upon Thames",-0.292886,51.451962
"Rickmansworth","Rickmansworth Aquadrome",-0.47589,51.633087
"Riddlesdown","Riddlesdown, Warlingham",-0.079549,51.318485
"Rising Sun","The Rising Sun Country Park",-1.532028,55.01998
"Riverfront","The Riverfront",-2.993317,51.588559
"Riverside juniors","Riverside Park",-1.562895,54.854016
"Riverside juniors, Ballymoney","Riverside Park",-6.507974,55.068821
"Riverside juniors, St Neots","Riverside Park,",-0.275562,52.223022
"Riverside","Riverside Park, Chester-le-Street",-1.563277,54.853983
"Roding Valley juniors","Roding Valley Recreational Park",0.066561,51.638642
"Roding Valley","Roding Valley Recreation Ground",0.066415,51.638607
"Rogiet","Rogiet Countryside Park",-2.779965,51.583268
"Rosliston","Rosliston Forestry Centre",-1.639681,52.754526
"Ross-on-Wye","Ross-on-Wye Sports Centre",-2.594417,51.912943
"Rossmere juniors","Rossmere Park",-1.226339,54.661422
"Rostrevor","Kilbroney Park",-6.193448,54.099486
"Rother Valley","Rother Valley Country Park",-1.320226,53.341508
"Rotherham","Rotherham",-1.343218,53.430538
"Rothwell","Springhead Park",-1.473456,53.750032
"Rouken Glen juniors","Rouken Glen Park",-4.316869,55.79831
"Roundhay juniors","Roundhay Park",-1.503689,53.836822
"Roundhay","Roundhay Park, Leeds",-1.496007,53.83828
"Roundshaw Downs","Roundshaw Downs, near South Croydon",-0.11872,51.352253
"Royal Tunbridge Wells","Dunorlan Park",0.284851,51.133614
"Ruchill","Ruchill Park",-4.276162,55.884538
"Rugby","Whinfield Recreation Ground",-1.238464,52.37318
"Rushcliffe juniors","Rushcliffe County Park",-1.14978,52.88217
"Rushcliffe","Rushcliffe Country Park",-1.149104,52.882497
"Rushmere","Rushmere Country Park",-0.674095,51.947057
"Rushmoor","Queens Avenue",-0.755847,51.265798
"Rutland Water juniors","The Waterside Cafe",-0.621111,52.646012
"Rutland Water","Rutland Water Reservoir",-0.624447,52.643712
"Salcey Forest","Salcey Forest",-0.841556,52.159223
"Sale Water","Sale Water Park",-2.294545,53.429585
"Salford juniors","Buille Hill Park",-2.3054,53.490729
"Salisbury","Churchill Gardens",-1.789858,51.061528
"Salt Hill juniors","Salt Hill Park",-0.605853,51.513437
"Saltaire juniors","Roberts Park",-1.792205,53.841292
"Saltwell juniors","Saltwell Park",-1.605372,54.943934
"Sandhurst Memorial","Sandhurst Memorial Park",-0.791694,51.343825
"Sandwell Valley","Sandwell Park Farm",-1.97579,52.521531
"Savill Garden juniors","The Savill Garden, Windsor Great Park",-0.595936,51.429022
"Scunthorpe","Central Park",-0.656476,53.581755
"Seaford Beach","Newhaven and Seaford Sailing Club",0.079566,50.778986
"Seaton","Seaton Esplanade",-3.072064,50.703349
"Sedgefield juniors","Hardwick Park",-1.466979,54.653037
"Sedgefield","Hardwick Park, Sedgefield",-1.466289,54.653008
"Selby","Selby",-1.078398,53.751824
"Seven Fields","Seven Fields Nature Reserve and Penhill Sports Fie",-1.781711,51.586619
"Severn Bridge","Severn Bridge",-2.664531,51.619014
"Severn Valley Country","Severn Valley Country Park",-2.364842,52.453316
"Sewerby","Sewerby Hall and Gardens, Bridlington",-0.160761,54.103268
"Seymour Park juniors","Seymour Park",-2.273257,53.458263
"Sheffield Castle","Manor Fields Park",-1.436827,53.366782
"Sheffield Hallam","Endcliffe Park, Sheffield",-1.505814,53.368446
"Sheffield Olympic Legacy Park juniors","Sheffield Olympic Legacy Park",-1.426294,53.395364
"Shelley juniors","Shelley College",-1.666806,53.592777
"Shepton Mallet","Collett Park",-2.542461,51.187513
"Sheringham","Sheringham Park",1.180601,52.928775
"Sherwood Pines","Sherwood Pines Forest Park",-1.084839,53.165828
"Shipley Country juniors","Shipley Country Park",-1.359757,53.000011
"Shipley Country","Shipley Country Park",-1.359978,53.008339
"Shorne Woods","Shorne Woods Country Park",0.418618,51.404426
"Shrewsbury juniors","Quarry Park",-2.750059,52.704425
"Shrewsbury","The Quarry",-2.75921,52.706942
"Silksworth","Silksworth Sports Centre, Sunderland",-1.409099,54.883911
"Sittingbourne","Milton Creek Country Park",0.740793,51.355453
"Sixfields Upton","Upton Country Park",-0.942236,52.228528
"Sixmilewater","Sixmilewater Park",-5.998945,54.750004
"Sizewell","Beach car park",1.622193,52.210167
"Skegness Boating Lake","Skegness Boating Lake",0.345527,53.140697
"Skelmersdale juniors","Nye Bevan Swimming Pool",-2.776838,53.550551
"Skipton","Aireville Park",-2.030004,53.961331
"Sloughbottom","Sloughbottom Park,",1.266994,52.647255
"Snowden Field","Snowden Field",-0.164731,52.673995
"Soham Village College","Soham Village College",0.338064,52.329737
"Somerdale Pavilion","Somerdale Pavilion",-2.495689,51.426469
"South Manchester juniors","Platt Fields Park",-2.22633,53.448952
"South Manchester","Platt Fields Park",-2.224689,53.446072
"South Norwood","South Norwood Country Park",-0.059908,51.396111
"South Oxhey","South Oxhey Playing Fields",-0.398653,51.632255
"South Park juniors","South Park",-1.561141,54.514933
"South Shields","South Shields",-1.408052,54.995687
"South Woodham Ferrers","Marsh Farm Country Park",0.613014,51.631642
"Southampton juniors","Riverside Park",-1.373988,50.933059
"Southampton","Southampton Common",-1.407766,50.923624
"Southend","Gunners Park",0.787526,51.523431
"Southport","Hesketh Park",-2.985341,53.656276
"Southsea","Southsea Esplanade",-1.081316,50.778853
"Southwark","Southwark Park",-0.053151,51.494242
"Southwick Country Park","Southwick Country Park",-2.234092,51.306461
"Springburn","Springburn Park",-4.224823,55.889857
"Squerryes Winery","Squerryes Winery",0.08667,51.275986
"St Albans","Verulam Park, St Albans",-0.355371,51.75193
"St Andrews","Craigtoun Country Park",-2.838234,56.317711
"St Helens","Victoria Park",-2.744088,53.46322
"St Mary’s","Bridport FC, St.Mary’s Field",-2.760744,50.729456
"Stamford Park","Stamford Park",-2.066163,53.490901
"Stanley Park juniors","Stanley Park",-2.965534,53.43405
"Staveley juniors","Staveley Welfare Cricket Club",-1.336668,53.270608
"Stevenage juniors","Hampson Park",-0.186637,51.913566
"Stevenage","Six Hills Way",-0.17993,51.902634
"Stevens Park juniors","Stevens Park",-2.115605,52.447903
"Stewart","Stewart Park, Middlesbrough",-1.203561,54.53809
"Stirling juniors","Kings Park",-3.946307,56.113824
"Stokes Bay juniors","Stokes Bay Promenade",-1.153797,50.781474
"Stonehaven","Mineralwell Park",-2.212502,56.969993
"Stonehouse juniors","Oldends Lane Playing Fields",-2.287006,51.752965
"Stonehouse","Oldends Lane Playing Fields",-2.287804,51.752554
"Stormont","Stormont Estate",-5.837749,54.598318
"Storthes Hall","Storthes Hall Park",-1.722012,53.607932
"Stranmillis College","Stranmillis University College",-5.938828,54.572708
"Stratford Park, Stroud","Stratford Park",-2.225007,51.74897
"Stratford-upon-Avon Rec juniors","The Recreation Ground",-1.703316,52.187298
"Stratford-upon-Avon","Stratford-upon-Avon",-1.701445,52.184998
"Strathclyde","Strathclyde Country Park",-4.031425,55.789631
"Strathmartine juniors","Strathmartine",-3.003733,56.491386
"Street","Strode College Sports Centre",-2.729089,51.129515
"Stretford","Longford Park",-2.290281,53.446121
"Sunny Hill","Sunny Hill Park",-0.229717,51.598193
"Surbiton juniors","Alexandra Recreation Ground",-0.288601,51.384716
"Sutton Manor","Sutton Manor Colliery",-2.726901,53.411392
"Sutton Park","Sutton Park",-1.867129,52.558505
"Swadlincote juniors","Maurice Lea Memorial Park",-1.557414,52.764399
"Swaffham","The Nicolas Hamond Academy Sports Fields",0.688461,52.638607
"Swansea Bay","Swansea Bay",-3.969848,51.610463
"Tamar Lakes","Upper Tamar Lakes",-4.433418,50.879837
"Tamar Trails","Tamar Trails Centre",-4.201763,50.535163
"Tawd Valley","Tawd Valley Park",-2.775829,53.550281
"Tees Barrage","Tees Barrage, Middlesbrough",-1.287396,54.564846
"Teignmouth Promenade","Teignmouth Promenade",-3.494987,50.544428
"Telford juniors","Telford Town Park",-2.445683,52.671256
"Telford","Telford Town Park",-2.447934,52.67123
"Temple Newsam juniors","Temple Newsam Estate",-1.45791,53.784563
"Temple Newsam","Temple Newsam Estate",-1.456461,53.784781
"Tetbury Goods Shed","Tetbury Goods Shed",-2.155818,51.637222
"Tewkesbury","Tewkesbury",-2.159373,51.987666
"The Leas","The Leas",0.80213,51.434038
"The Meadows juniors","The Meadows",-3.184283,55.940327
"The Mystery juniors","The Mystery Park",-2.922804,53.393593
"The Old Showfield","The Old Showfield",-2.308238,51.236186
"The Pastures","The Pastures",-1.705393,55.418455
"The Wammy","The Wammy",-2.238701,53.017811
"The Waterfront juniors","Les Jardins de la Mer",-2.115936,49.186471
"The Wirral Way juniors","Wirral Way/Park Fields",-3.075869,53.293748
"Thetford","Abbey Meadows",0.743766,52.4156
"Thomas Mills","Thomas Mills High School",1.325981,52.228375
"Thornbury","Mundy Playing Fields",-2.530114,51.606368
"Thurrock","Pyramid Centre",0.363436,51.491427
"Thurso","Thurso Boating Pond",-3.521554,58.589573
"Tilgate juniors","Tilgate Park",-0.175976,51.095839
"Tilgate","Tilgate Park, Crawley",-0.175623,51.097
"Tollcross","Tollcross",-4.179461,55.847494
"Tolson juniors","Ravensknowle Park",-1.755604,53.645008
"Tonbridge juniors","Tonbridge Farm Sportsground",0.270291,51.20977
"Tonbridge","Juddians Rugby Club",0.270174,51.197605
"Tooting Common juniors","Tooting Common",-0.147709,51.434698
"Tooting Common","Tooting Common",-0.14677,51.433342
"Torbay Velopark juniors","Torbay Velopark",-3.564283,50.423563
"Torbay Velopark","Torbay Velopark",-3.564297,50.423441
"Torridge juniors","Victoria Park",-4.203435,51.023418
"Town Moor juniors","Newcastle Town Moor",-1.619189,54.98383
"Trelissick","Kilbroney Park",-5.02826,50.217331
"Tremorfa","Tremorfa Park",-3.132727,51.486237
"Tring","Tring Park",-0.659599,51.786634
"Troon","South Beach Esplanade",-4.670058,55.541413
"Tyne Green","Tyne Green",-2.101526,54.977878
"Uckfield","Uckfield Rugby Club",0.11306,50.977857
"University of Stirling","Stranmillis University College",-3.924236,56.147334
"Uppermill juniors","Saddleworth Pool & Leisure Centre",-2.00217,53.547393
"Upton Court","Upton Court Park",-0.577525,51.49616
"Upton House juniors","Upton Country Park",-2.012474,50.734515
"Upton House","Upton Country Park",-2.013428,50.734891
"Ury Riverside","Ury Riverside Park",-2.372062,57.291953
"Valentines","Valentines Park, Redbridge",0.07198,51.56749
"Valley","Valley Leisure Centre",-5.928342,54.659949
"Verulamium juniors","Verulamium Park",-0.348169,51.746545
"Victoria Dock","Victoria Dock",0.018775,51.505363
"Victoria juniors, Glasgow","Victoria Park",-4.332751,55.87731
"Victoria juniors, Macclesfield","Victoria Park",-2.116662,53.261537
"Victoria","Victoria Park",-4.332347,55.877504
"Vogrie","Vogrie Country Park",-2.995012,55.856879
"Wakefield Thornes juniors","Thornes Park",-1.512695,53.675544
"Wakefield Thornes","Thornes Park",-1.509682,53.672488
"Wallace","Wallace Park",-6.036816,54.516511
"Walmer and Deal Seafront","The Beach",1.403179,51.2095
"Walsall Arboretum","Walsall Arboretum",-1.966252,52.58725
"Walthamstow","Highams Park",-0.007854,51.602666
"Wanstead Flats","Wanstead Flats, Epping Forest",0.014977,51.56078
"Wardown juniors","Wardown Park",-0.419099,51.891775
"Warrington juniors","Orford Jubilee Neighbourhood Hub",-2.587904,53.405344
"Warrington","Victoria Park",-2.574685,53.384221
"Warwick Racecourse","Warwick Racecourse",-1.595954,52.280789
"Watergrove","Watergrove Reservoir",-2.131777,53.657034
"Waterlooville juniors","Jubilee Park",-1.032861,50.888467
"Watermeadows","Watermeadows",-0.988391,52.13458
"Waterworks juniors","Waterworks Park",-5.944873,54.619011
"Waterworks","Waterworks, North Belfast",-5.942613,54.619299
"Wednesfield juniors","Wednesfield Park",-2.083638,52.602455
"Wendover Woods","Wendover Woods",-0.716782,51.76894
"Wepre","Wepre Park",-3.056846,53.205552
"Westmill","Westmill Farm",-0.060813,51.821422
"Weston-super-Mare juniors","Weston-super-Mare",-2.907495,51.364772
"Wetherby","Wetherby Sports Association",-1.392197,53.925673
"Weymouth juniors","Lodmoor Country Park",-2.449547,50.627396
"Weymouth","Lodmoor County Park",-2.447398,50.626728
"Whaley Bridge juniors","Whaley Bridge Memorial Park",-1.987771,53.327225
"Whinlatter Forest","Whinlatter Forest Park",-3.22446,54.610017
"Whitehaven","Whitehaven Cycle Track,",-3.573636,54.524733
"Whitelands Farm juniors","Whitelands Farm Sports Ground",-1.176072,51.89042
"Whiteley juniors","Meadowside Leisure Centre",-1.248179,50.884963
"Whiteley","Whiteley Meadowside",-1.247926,50.885632
"Whitley Bay juniors","Whitley Bay",-1.447679,55.0498
"Whitley Bay","Whitley Bay Links Common",-1.448736,55.048875
"Whitstable juniors","Tankerton Slopes",1.042448,51.364939
"Whitstable","Whitstable Promenade",1.041942,51.365295
"Wicksteed juniors","Wicksteed Park",-0.710759,52.384064
"Widnes juniors","Victoria Park",-2.730313,53.37434
"Widnes","Victoria Park",-2.730069,53.374508
"Wilmslow juniors","The Carrs",-2.231746,53.331301
"Wilmslow","The Carrs Park",-2.231588,53.331288
"Wimbledon Common","Wimbledon Common",-0.232215,51.442078
"Wimbledon Park juniors","Wimbledon Park",-0.206632,51.440582
"Wimpole Estate juniors","Wimple Estate",-0.047103,52.14024
"Wimpole Estate","Wimpole Estate",-0.047207,52.140442
"Winchester juniors","Winchester Sports Stadium",-1.304893,51.054733
"Winchester","North Walls Recreation Ground",-1.310849,51.069286
"Windmill Hill juniors","Victoria Park",-2.587142,51.438601
"Windy Nook","Windy Nook Nature Park",-1.563025,54.940189
"Wirral Country Park juniors","Wirral Country Park",-3.143621,53.341642
"Wisbech juniors","Wisbech Park",0.166007,52.66664
"Witney","West Witney Sports & Social Club",-1.513356,51.789974
"Witton","Witton Country Park",-2.517211,53.74055
"Woking juniors","Woking Park",-0.555006,51.311946
"Woking","Woking Park",-0.556204,51.311708
"Wolverhampton","West Park",-2.140875,52.588775
"Woodbank","Woodbank Park, Stockport",-2.130945,53.408405
"Woodhouse Moor","Woodhouse Moor, Leeds",-1.560059,53.808582
"Woodley juniors","Woodford Park",-0.903089,51.454829
"Woodley","Woodford Park",-0.903669,51.45418
"Woolacombe Dunes","Woolacombe Dunes",-4.209982,51.159264
"Worcester Pitchcroft","The Pitchcroft, Worcester Racecourse",-2.231964,52.201513
"Worcester","Worcester Woods Country Park",-2.178726,52.186989
"Workington","Workington Leisure Centre",-3.539767,54.647169
"Worksop College juniors","Worksop College",-1.103224,53.287414
"Wormwood Scrubs","Wormwood Scrubs Park",-0.238523,51.520412
"Worsley Woods","Worsley Woods, Salford",-2.359056,53.494328
"Worthing","Worthing promenade",-0.3645,50.810312
"Wotton","Wotton Community Parc",-2.369117,51.633443
"Wycombe Rye juniors","Wycombe Rye",-0.742427,51.626131
"Wycombe Rye","The Rye",-0.74009,51.62337
"Wyndham juniors","Wyndham Park",-0.638312,52.918182
"Wyre Forest juniors","Wyre Forest",-2.368767,52.364152
"Wyre Forest","Wyre Forest",-2.369798,52.365002
"Wythenshawe","Wythenshawe Park, Wythenshawe",-2.288139,53.405502
"Yatton Recreation juniors","Yatton Recreation Ground",-2.813883,51.387275
"Yeovil Montacute","Montacute House",-2.712979,50.951485
"Yeovil Rec juniors","Yeovil Rec",-2.63893,50.954606
"York","York Racecourse",-1.101379,53.935375
